0,1
https://www.kufar.by/item/176568717?searchId=60ec6064f288e627743c35bfbb0cd4b293aa,"750 р.МОДУЛЬНЫЕ УГЛОВЫЕ И ПРЯМЫЕ КУХНИ. РАЗМЕРЫ. ЦВЕТА.Минск, ФрунзенскийДоставка по Беларуси"
https://www.kufar.by/item/134442876?searchId=60ec6064f288e627743c35bfbb0cd4b293aa,"65 р.Стол кухонный. НОВЫЙ. Доставка.Минск, Центральный"
https://www.kufar.by/item/186512575?searchId=60ec6064f288e627743c35bfbb0cd4b293aa,"800 р.Детская люлька 4 MOMSМинская, Солигорск"
https://www.kufar.by/item/195486242?rank=0&searchId=60ec6064f288e627743c35bfbb0cd4b293aa,600 р.«Елизавета»-кухонный уголок .ДоставкаВитебскДоставка по Беларуси
https://www.kufar.by/item/67635656?rank=1&searchId=60ec6064f288e627743c35bfbb0cd4b293aa,438 р.ПрихожаяБрестРассрочка
https://www.kufar.by/item/90097652?rank=2&searchId=60ec6064f288e627743c35bfbb0cd4b293aa,1 691 р.Шкаф-кровать трансформер ''InNOVA''БрестДоставкаРассрочка
https://www.kufar.by/item/53743684?rank=3&searchId=60ec6064f288e627743c35bfbb0cd4b293aa,"401 р.Готовая кухня Лайт 1,2 (в наличии)БрестДоставкаРассрочка"
https://www.kufar.by/item/53744154?rank=4&searchId=60ec6064f288e627743c35bfbb0cd4b293aa,911 р.Стенка в гостинуюБрестДоставкаРассрочка
https://www.kufar.by/item/64432211?rank=5&searchId=60ec6064f288e627743c35bfbb0cd4b293aa,829 р.Кухня Мила ГЛОСС (Глянец) 1800 в рассрочкуБрестДоставкаРассрочка
https://www.kufar.by/item/56766272?rank=6&searchId=60ec6064f288e627743c35bfbb0cd4b293aa,226 р.Стол компьютерный в рассрочку (В НАЛИЧИИ)БрестДоставкаРассрочка
https://www.kufar.by/item/66572577?rank=7&searchId=60ec6064f288e627743c35bfbb0cd4b293aa,333 р.Кровать односпальная с ящиками SC-K90БрестДоставкаРассрочка
https://www.kufar.by/item/68074749?rank=8&searchId=60ec6064f288e627743c35bfbb0cd4b293aa,642 р.КРОВАТЬ ОДНОСПАЛЬНАЯ С ПОДЪЕМНЫМ МЕХАНИЗМОМ LT-К90БрестДоставкаРассрочка
https://www.kufar.by/item/110456445?rank=9&searchId=60ec6064f288e627743c35bfbb0cd4b293aa,264 р.ТУМБА ДЛЯ ОБУВИ (Обувница) LT-ТПОБрестДоставкаРассрочка
https://www.kufar.by/item/198935212?rank=10&searchId=60ec6064f288e627743c35bfbb0cd4b293aa,"250 р.Кровать+матрас Срочно Брестская, Кобрин"
https://www.kufar.by/item/182677175?rank=11&searchId=60ec6064f288e627743c35bfbb0cd4b293aa,555 р.Диван новыйГродноДоставка по Беларуси
https://www.kufar.by/item/172477128?rank=12&searchId=60ec6064f288e627743c35bfbb0cd4b293aa,"2 100 р.ДиванМинск, Советский"
https://www.kufar.by/item/198935139?rank=13&searchId=60ec6064f288e627743c35bfbb0cd4b293aa,"50 р.Кресло доя девочкиБрестская, Малорита"
https://www.kufar.by/item/197027458?rank=14&searchId=60ec6064f288e627743c35bfbb0cd4b293aa,"200 р.Диван угловой Минск, Ленинский"
https://www.kufar.by/item/96986065?rank=15&searchId=60ec6064f288e627743c35bfbb0cd4b293aa,221.77 р.Матрасы ортопедические KondorГродноДоставкаРассрочка
https://www.kufar.by/item/198935083?rank=16&searchId=60ec6064f288e627743c35bfbb0cd4b293aa,20 р.ТумбаГродно
https://www.kufar.by/item/172478502?rank=17&searchId=60ec6064f288e627743c35bfbb0cd4b293aa,"2 600 р.КроватьМинск, Советский"
https://www.kufar.by/item/198935062?rank=18&searchId=60ec6064f288e627743c35bfbb0cd4b293aa,"25 р.Ящик для картошки Минск, Первомайский"
https://www.kufar.by/item/198935044?rank=19&searchId=60ec6064f288e627743c35bfbb0cd4b293aa,"500 р.Кухня б/уГомельская, Жлобин"
https://www.kufar.by/item/198934986?rank=20&searchId=60ec6064f288e627743c35bfbb0cd4b293aa,20 р.Полка для обуви Брест
https://www.kufar.by/item/198934956?rank=21&searchId=60ec6064f288e627743c35bfbb0cd4b293aa,"10 р.КреслоМинск, Фрунзенский"
https://www.kufar.by/item/186003098?rank=22&searchId=60ec6064f288e627743c35bfbb0cd4b293aa,"680 р.КУХНИ ОТ ПРОИЗВОДИТЕЛЯ ПО ДОСТУПНЫМ ЦЕНАММинск, ЛенинскийДоставка по Беларуси"
https://www.kufar.by/item/198934955?rank=23&searchId=60ec6064f288e627743c35bfbb0cd4b293aa,"40 р.ПолкаМинск, Заводской"
https://www.kufar.by/item/178003472?rank=24&searchId=60ec6064f288e627743c35bfbb0cd4b293aa,320 р.Комплект: стол и 4 стула. Доставка по РБВитебскДоставка по Беларуси
https://www.kufar.by/item/198934952?rank=25&searchId=60ec6064f288e627743c35bfbb0cd4b293aa,"10 р.ДиванМинск, Московский"
https://www.kufar.by/item/198934947?rank=26&searchId=60ec6064f288e627743c35bfbb0cd4b293aa,"50 р.Тумба для постельного бельяМинск, Заводской"
https://www.kufar.by/item/198934907?rank=27&searchId=60ec6064f288e627743c35bfbb0cd4b293aa,"5 р.Полка для обувиМинск, Фрунзенский"
https://www.kufar.by/item/198934882?rank=28&searchId=60ec6064f288e627743c35bfbb0cd4b293aa,"ДоговорнаяМягкий уголок срочноВитебская, Новополоцк"
https://www.kufar.by/item/198934866?rank=29&searchId=60ec6064f288e627743c35bfbb0cd4b293aa,"350 р.Раскладной диванМинск, Центральный"
https://www.kufar.by/item/155195393?rank=30&searchId=60ec6064f288e627743c35bfbb0cd4b293aa,"ДоговорнаяШкаф в сан.узел и ванную под заказ Минск, Московский"
https://www.kufar.by/item/176551655?rank=31&searchId=60ec6064f288e627743c35bfbb0cd4b293aa,"890 р.Угловые кухни из модулей. Размеры. Цвета.Минск, ОктябрьскийДоставка по Беларуси"
https://www.kufar.by/item/198934850?rank=32&searchId=60ec6064f288e627743c35bfbb0cd4b293aa,"200 р.Стул Chicco polly magic 3 в 1Брестская, Малорита"
https://www.kufar.by/item/157916974?rank=33&searchId=60ec6064f288e627743c35bfbb0cd4b293aa,"ДоговорнаяТумба в ванную комнату под заказМинск, Советский"
https://www.kufar.by/item/198934825?rank=34&searchId=60ec6064f288e627743c35bfbb0cd4b293aa,"БесплатноТумба под телевизорМинская, Жодино"
https://www.kufar.by/item/198934828?rank=35&searchId=60ec6064f288e627743c35bfbb0cd4b293aa,"420 р.Детская кровать Гродненская, Островец"
https://www.kufar.by/item/185214201?rank=36&searchId=60ec6064f288e627743c35bfbb0cd4b293aa,"980 р.КУХНИ С МЕСТОМ ДЛЯ СТИРАЛЬНОЙ МАШИНЫ.Минск, ПервомайскийДоставка по Беларуси"
https://www.kufar.by/item/177886645?rank=37&searchId=60ec6064f288e627743c35bfbb0cd4b293aa,285 р.Витрины прилавки стеллажи недорогоМогилев
https://www.kufar.by/item/198934793?rank=38&searchId=60ec6064f288e627743c35bfbb0cd4b293aa,"2 р.Роликовая направляющая .450ммМинск, Первомайский"
https://www.kufar.by/item/198934769?rank=39&searchId=60ec6064f288e627743c35bfbb0cd4b293aa,"2 300 р.Диван-кровать Минск, Фрунзенский"
https://www.kufar.by/item/198725413?rank=40&searchId=60ec6064f288e627743c35bfbb0cd4b293aa,"165 р.Комплект(Вешалка, зеркало и обувная полка)Минская, Борисов"
https://www.kufar.by/item/198934756?rank=41&searchId=60ec6064f288e627743c35bfbb0cd4b293aa,"БесплатноДиванМинск, Московский"
https://www.kufar.by/item/198934752?rank=42&searchId=60ec6064f288e627743c35bfbb0cd4b293aa,"45 р.Полка навеснаяМинск, Ленинский"
https://www.kufar.by/item/195486242,600 р.«Елизавета»-кухонный уголок .ДоставкаВитебскДоставка по Беларуси
https://www.kufar.by/item/182677175,555 р.Диван новыйГродноДоставка по Беларуси
https://www.kufar.by/item/186003098,"680 р.КУХНИ ОТ ПРОИЗВОДИТЕЛЯ ПО ДОСТУПНЫМ ЦЕНАММинск, ЛенинскийДоставка по Беларуси"
https://www.kufar.by/item/178003472,320 р.Комплект: стол и 4 стула. Доставка по РБВитебскДоставка по Беларуси
https://www.kufar.by/item/176551655,"890 р.Угловые кухни из модулей. Размеры. Цвета.Минск, ОктябрьскийДоставка по Беларуси"
https://www.kufar.by/item/185214201,"980 р.КУХНИ С МЕСТОМ ДЛЯ СТИРАЛЬНОЙ МАШИНЫ.Минск, ПервомайскийДоставка по Беларуси"
https://www.kufar.by/item/172700703,"Онлайн-заказ57 р.33 р.-42%SunRain Игрушка мягконабивная Заяц Клубничка 50см / молочныйМинск, ЦентральныйДоставка по БеларусиДобавить в корзину"
https://www.kufar.by/item/175702042,"Онлайн-заказ128 р.76 р.-41%SunRain Игрушка мягконабивная Кресло раскладное Классик Зайцы пудраМинск, ЦентральныйДоставка по БеларусиДобавить в корзину"
