0,1,2
https://www.kufar.by/item/198935850?rank=0&searchId=8c6c5aaa2e59b61b1a1795a1017610f25401,2000,Диван1Брест
https://www.kufar.by/item/67635656?rank=1&searchId=8c6c5aaa2e59b61b1a1795a1017610f25401,438,ПрихожаяБрестРассрочка
https://www.kufar.by/item/90097652?rank=2&searchId=8c6c5aaa2e59b61b1a1795a1017610f25401,1691,Шкаф-кровать трансформер ''InNOVA''БрестДоставкаРассрочка
https://www.kufar.by/item/53743684?rank=3&searchId=8c6c5aaa2e59b61b1a1795a1017610f25401,401,"Готовая кухня Лайт 1,2 (в наличии)БрестДоставкаРассрочка"
https://www.kufar.by/item/53744154?rank=4&searchId=8c6c5aaa2e59b61b1a1795a1017610f25401,911,Стенка в гостинуюБрестДоставкаРассрочка
https://www.kufar.by/item/64432211?rank=5&searchId=8c6c5aaa2e59b61b1a1795a1017610f25401,829,Кухня Мила ГЛОСС (Глянец) 1800 в рассрочкуБрестДоставкаРассрочка
https://www.kufar.by/item/56766272?rank=6&searchId=8c6c5aaa2e59b61b1a1795a1017610f25401,226,Стол компьютерный в рассрочку (В НАЛИЧИИ)БрестДоставкаРассрочка
https://www.kufar.by/item/66572577?rank=7&searchId=8c6c5aaa2e59b61b1a1795a1017610f25401,333,Кровать односпальная с ящиками SC-K90БрестДоставкаРассрочка
https://www.kufar.by/item/68074749?rank=8&searchId=8c6c5aaa2e59b61b1a1795a1017610f25401,642,КРОВАТЬ ОДНОСПАЛЬНАЯ С ПОДЪЕМНЫМ МЕХАНИЗМОМ LT-К90БрестДоставкаРассрочка
https://www.kufar.by/item/110456445?rank=9&searchId=8c6c5aaa2e59b61b1a1795a1017610f25401,264,ТУМБА ДЛЯ ОБУВИ (Обувница) LT-ТПОБрестДоставкаРассрочка
https://www.kufar.by/item/198934986?rank=10&searchId=8c6c5aaa2e59b61b1a1795a1017610f25401,20,Полка для обуви Брест
https://www.kufar.by/item/198934521?rank=11&searchId=8c6c5aaa2e59b61b1a1795a1017610f25401,20,ДиванБрест
https://www.kufar.by/item/198934082?rank=12&searchId=8c6c5aaa2e59b61b1a1795a1017610f25401,180,Детская кровать-трансформер Брест
https://www.kufar.by/item/198934010?rank=13&searchId=8c6c5aaa2e59b61b1a1795a1017610f25401,25,Барная стойкаБрест
https://www.kufar.by/item/198933786?rank=14&searchId=8c6c5aaa2e59b61b1a1795a1017610f25401,120,Детская кроватка Брест
https://www.kufar.by/item/126943176?rank=15&searchId=8c6c5aaa2e59b61b1a1795a1017610f25401,1480,Кровать Сонома (БНП)+Люкс матрас // БЕСПЛАТНЫЕ УСЛУГИ // Двухъярусная детская // Усиленный диванБрестДоставка
https://www.kufar.by/item/193042410?rank=16&searchId=8c6c5aaa2e59b61b1a1795a1017610f25401,1500,Мебель для детской комнатыБрест
https://www.kufar.by/item/197610147?rank=17&searchId=8c6c5aaa2e59b61b1a1795a1017610f25401,250,КухняБрест
https://www.kufar.by/item/198930962?rank=18&searchId=8c6c5aaa2e59b61b1a1795a1017610f25401,100,ТумбаБрест
https://www.kufar.by/item/198930103?rank=19&searchId=8c6c5aaa2e59b61b1a1795a1017610f25401,35,Журнальный столик IKEA Брест
https://www.kufar.by/item/190680982?rank=20&searchId=8c6c5aaa2e59b61b1a1795a1017610f25401,180,Кроватка Брест
https://www.kufar.by/item/198929165?rank=21&searchId=8c6c5aaa2e59b61b1a1795a1017610f25401,30,Тумба с зеркалом (трельяж)Брест
https://www.kufar.by/item/198928525?rank=22&searchId=8c6c5aaa2e59b61b1a1795a1017610f25401,50,ШкафБрест
https://www.kufar.by/item/178006691?rank=23&searchId=8c6c5aaa2e59b61b1a1795a1017610f25401,320,Комплект: стол и 4 стула. Доставка по РББрестДоставка по Беларуси
https://www.kufar.by/item/198585064?rank=24&searchId=8c6c5aaa2e59b61b1a1795a1017610f25401,90,Стол и стулБрест
https://www.kufar.by/item/198927625?rank=25&searchId=8c6c5aaa2e59b61b1a1795a1017610f25401,70,ТахтаБрест
https://www.kufar.by/item/198926007?rank=26&searchId=8c6c5aaa2e59b61b1a1795a1017610f25401,70,КамодБрест
https://www.kufar.by/item/198924966?rank=27&searchId=8c6c5aaa2e59b61b1a1795a1017610f25401,250,Набор мебели для детской комнаты Брест
https://www.kufar.by/item/198924909?rank=28&searchId=8c6c5aaa2e59b61b1a1795a1017610f25401,750,Диван Брест
https://www.kufar.by/item/188081284?rank=29&searchId=8c6c5aaa2e59b61b1a1795a1017610f25401,90,ДЕРЕВЯННЫЙ СКЛАДНОЙ СТУЛ Брест
https://www.kufar.by/item/198924311?rank=30&searchId=8c6c5aaa2e59b61b1a1795a1017610f25401,100,Барная стойка с полкойБрест
https://www.kufar.by/item/145494526?rank=35&searchId=8c6c5aaa2e59b61b1a1795a1017610f25401,3900,Сервант из массива.Резной.Европа.Art-988БрестДоставка по Беларуси
https://www.kufar.by/item/198922631?rank=36&searchId=8c6c5aaa2e59b61b1a1795a1017610f25401,300,Стол и 4 стула.комплектБрест
https://www.kufar.by/item/198922277?rank=37&searchId=8c6c5aaa2e59b61b1a1795a1017610f25401,370,Стенка ДСПБрест
https://www.kufar.by/item/198920902?rank=39&searchId=8c6c5aaa2e59b61b1a1795a1017610f25401,120,"Стол маникюрный,стол для маникюраБрест"
https://www.kufar.by/item/176350047?rank=40&searchId=8c6c5aaa2e59b61b1a1795a1017610f25401,150,Угловой стеллажБрест
https://www.kufar.by/item/198920408?rank=41&searchId=8c6c5aaa2e59b61b1a1795a1017610f25401,150,ДиванБрест
https://www.kufar.by/item/198920023?rank=42&searchId=8c6c5aaa2e59b61b1a1795a1017610f25401,200,Диван-кровать Брест
https://www.kufar.by/item/195486242,600,«Елизавета»-кухонный уголок .ДоставкаВитебскДоставка по Беларуси
https://www.kufar.by/item/182677175,555,Диван новыйГродноДоставка по Беларуси
https://www.kufar.by/item/186003098,680,"КУХНИ ОТ ПРОИЗВОДИТЕЛЯ ПО ДОСТУПНЫМ ЦЕНАММинск, ЛенинскийДоставка по Беларуси"
https://www.kufar.by/item/178003472,320,Комплект: стол и 4 стула. Доставка по РБВитебскДоставка по Беларуси
https://www.kufar.by/item/176551655,890,"Угловые кухни из модулей. Размеры. Цвета.Минск, ОктябрьскийДоставка по Беларуси"
https://www.kufar.by/item/185214201,980,"КУХНИ С МЕСТОМ ДЛЯ СТИРАЛЬНОЙ МАШИНЫ.Минск, ПервомайскийДоставка по Беларуси"
https://www.kufar.by/item/198919852?rank=43&searchId=4c7a3315bc0b6b886a68c1ed8c33ce4a6d7a,30,КомодБрест
https://www.kufar.by/item/198919830?rank=44&searchId=4c7a3315bc0b6b886a68c1ed8c33ce4a6d7a,60,Матрас детский +подушечкаБрест
https://www.kufar.by/item/198919625?rank=45&searchId=4c7a3315bc0b6b886a68c1ed8c33ce4a6d7a,15,Угловая полка в ванную.Брест
https://www.kufar.by/item/154425059?rank=46&searchId=4c7a3315bc0b6b886a68c1ed8c33ce4a6d7a,200,Комплект мебели: 4 табурета и стол.Доставка по РББрестДоставка
https://www.kufar.by/item/198918780?rank=47&searchId=4c7a3315bc0b6b886a68c1ed8c33ce4a6d7a,55,Матрас Брест
https://www.kufar.by/item/198918768?rank=48&searchId=4c7a3315bc0b6b886a68c1ed8c33ce4a6d7a,350,Пенал Брест
https://www.kufar.by/item/166710700?rank=49&searchId=4c7a3315bc0b6b886a68c1ed8c33ce4a6d7a,250,Тахта греческая СРОЧНО ТОРГБрест
https://www.kufar.by/item/195897485?rank=50&searchId=4c7a3315bc0b6b886a68c1ed8c33ce4a6d7a,100,ШкафБрест
https://www.kufar.by/item/198918442?rank=51&searchId=4c7a3315bc0b6b886a68c1ed8c33ce4a6d7a,300,Стол письменный Брест
https://www.kufar.by/item/198918404?rank=52&searchId=4c7a3315bc0b6b886a68c1ed8c33ce4a6d7a,1200,"Гарнитур спальный ,,Амелия-2,, ПинскдревБрест"
https://www.kufar.by/item/195528277?rank=53&searchId=4c7a3315bc0b6b886a68c1ed8c33ce4a6d7a,250,Стеллаж  лофтБрест
https://www.kufar.by/item/198107213?rank=54&searchId=4c7a3315bc0b6b886a68c1ed8c33ce4a6d7a,270,Шкаф угловой Брест
https://www.kufar.by/item/198918014?rank=55&searchId=4c7a3315bc0b6b886a68c1ed8c33ce4a6d7a,75,ПрихожаяБрест
https://www.kufar.by/item/197778603?rank=56&searchId=4c7a3315bc0b6b886a68c1ed8c33ce4a6d7a,210,"Срочно, кровать детская Брест"
https://www.kufar.by/item/198917754?rank=57&searchId=4c7a3315bc0b6b886a68c1ed8c33ce4a6d7a,100,СтенкаБрест
https://www.kufar.by/item/198917623?rank=58&searchId=4c7a3315bc0b6b886a68c1ed8c33ce4a6d7a,220,Пеленальный комод Брест
https://www.kufar.by/item/198917546?rank=59&searchId=4c7a3315bc0b6b886a68c1ed8c33ce4a6d7a,100,СтолБрест
https://www.kufar.by/item/185565293?rank=60&searchId=4c7a3315bc0b6b886a68c1ed8c33ce4a6d7a,50,Полка навеснаяБрест
https://www.kufar.by/item/198916744?rank=61&searchId=4c7a3315bc0b6b886a68c1ed8c33ce4a6d7a,399,Спальный гарнитур «Токио» тип M-11.4 доставка по РББрестДоставка по Беларуси
https://www.kufar.by/item/150642521?rank=62&searchId=4c7a3315bc0b6b886a68c1ed8c33ce4a6d7a,25,Стол стулья табурет ДОСТАВКА по РББрестДоставка
https://www.kufar.by/item/67810470?rank=63&searchId=4c7a3315bc0b6b886a68c1ed8c33ce4a6d7a,420,Набор мебели на кухнюБрестДоставка по Беларуси
https://www.kufar.by/item/198804720?rank=64&searchId=4c7a3315bc0b6b886a68c1ed8c33ce4a6d7a,50,Шкафчик с раковиной и смесителемБрест
https://www.kufar.by/item/196755978?rank=65&searchId=4c7a3315bc0b6b886a68c1ed8c33ce4a6d7a,390,Кроватка детская ЮЛИЯБрестДоставка по Беларуси
https://www.kufar.by/item/196782389?rank=66&searchId=4c7a3315bc0b6b886a68c1ed8c33ce4a6d7a,60,Комплект полочек книжныхБрестДоставка по БеларусиРассрочка
https://www.kufar.by/item/196759115?rank=67&searchId=4c7a3315bc0b6b886a68c1ed8c33ce4a6d7a,350,Стул барный натуральный ясеньБрестДоставка по БеларусиРассрочка
https://www.kufar.by/item/198916068?rank=68&searchId=4c7a3315bc0b6b886a68c1ed8c33ce4a6d7a,25,Полка книжнаяБрест
https://www.kufar.by/item/197256861?rank=69&searchId=4c7a3315bc0b6b886a68c1ed8c33ce4a6d7a,280,матрац VEGAS 160/200Брест
https://www.kufar.by/item/198915718?rank=70&searchId=4c7a3315bc0b6b886a68c1ed8c33ce4a6d7a,495,Спальный гарнитур «Венеция мк-04» доставка по РББрестДоставка по Беларуси
https://www.kufar.by/item/195046813?rank=72&searchId=4c7a3315bc0b6b886a68c1ed8c33ce4a6d7a,265,"Комплект: стол, 2 табурета, 2 стула. ДоставкаРББрестДоставка по Беларуси"
https://www.kufar.by/item/198914223?rank=73&searchId=4c7a3315bc0b6b886a68c1ed8c33ce4a6d7a,200,ПрихожаяБрест
https://www.kufar.by/item/195709712?rank=74&searchId=4c7a3315bc0b6b886a68c1ed8c33ce4a6d7a,600,Мебель для детской Брест
https://www.kufar.by/item/179471688?rank=75&searchId=4c7a3315bc0b6b886a68c1ed8c33ce4a6d7a,230,"столы круглые раскладные 1,5мБрест"
https://www.kufar.by/item/198913015?rank=76&searchId=4c7a3315bc0b6b886a68c1ed8c33ce4a6d7a,50,Стол компьютерный brwБрест
https://www.kufar.by/item/195557506?rank=77&searchId=4c7a3315bc0b6b886a68c1ed8c33ce4a6d7a,750,Диван Монреаль прогресс Брест
https://www.kufar.by/item/198910534?rank=80&searchId=4c7a3315bc0b6b886a68c1ed8c33ce4a6d7a,70,КроватьБрест
https://www.kufar.by/item/198624062?rank=83&searchId=4c7a3315bc0b6b886a68c1ed8c33ce4a6d7a,175,Комплект: стол и 4 табурета. Доставка по РББрестДоставка по Беларуси
https://www.kufar.by/item/198909509?rank=84&searchId=4c7a3315bc0b6b886a68c1ed8c33ce4a6d7a,150,Стул кожзамБрест
https://www.kufar.by/item/195486242,600,«Елизавета»-кухонный уголок .ДоставкаВитебскДоставка по Беларуси
https://www.kufar.by/item/182677175,555,Диван новыйГродноДоставка по Беларуси
https://www.kufar.by/item/186003098,680,"КУХНИ ОТ ПРОИЗВОДИТЕЛЯ ПО ДОСТУПНЫМ ЦЕНАММинск, ЛенинскийДоставка по Беларуси"
https://www.kufar.by/item/178003472,320,Комплект: стол и 4 стула. Доставка по РБВитебскДоставка по Беларуси
https://www.kufar.by/item/176551655,890,"Угловые кухни из модулей. Размеры. Цвета.Минск, ОктябрьскийДоставка по Беларуси"
https://www.kufar.by/item/185214201,980,"КУХНИ С МЕСТОМ ДЛЯ СТИРАЛЬНОЙ МАШИНЫ.Минск, ПервомайскийДоставка по Беларуси"
https://www.kufar.by/item/198909217?rank=86&searchId=5ca2c746c61add6f5c0c6fb476fb4d05f566,150,Стол письменныйБрест
https://www.kufar.by/item/195998571?rank=87&searchId=5ca2c746c61add6f5c0c6fb476fb4d05f566,320,Столик в стиле лофт Брест
https://www.kufar.by/item/198908526?rank=88&searchId=5ca2c746c61add6f5c0c6fb476fb4d05f566,180,Диван ПинскдревБрест
https://www.kufar.by/item/195574290?rank=89&searchId=5ca2c746c61add6f5c0c6fb476fb4d05f566,330,Диван и креслаБрест
https://www.kufar.by/item/198906523?rank=90&searchId=5ca2c746c61add6f5c0c6fb476fb4d05f566,30,Наматрасник (тюфяк) 2 спальныйБрест
https://www.kufar.by/item/198906313?rank=91&searchId=5ca2c746c61add6f5c0c6fb476fb4d05f566,150,Продам диван угловой. Брест
https://www.kufar.by/item/187757680?rank=92&searchId=5ca2c746c61add6f5c0c6fb476fb4d05f566,110,Диван. Не раскладной. Брест
https://www.kufar.by/item/198905589?rank=93&searchId=5ca2c746c61add6f5c0c6fb476fb4d05f566,60,Стол письменный Брест
https://www.kufar.by/item/198904200?rank=94&searchId=5ca2c746c61add6f5c0c6fb476fb4d05f566,100,Шкаф в прихожую Брест
https://www.kufar.by/item/198903317?rank=95&searchId=5ca2c746c61add6f5c0c6fb476fb4d05f566,150,Тахта  диван Брест
https://www.kufar.by/item/198898508?rank=96&searchId=5ca2c746c61add6f5c0c6fb476fb4d05f566,100,кровать-тахта 2 мБрест
https://www.kufar.by/item/198902935?rank=97&searchId=5ca2c746c61add6f5c0c6fb476fb4d05f566,25,Столик журнальныйБрест
https://www.kufar.by/item/198897613?rank=99&searchId=5ca2c746c61add6f5c0c6fb476fb4d05f566,25,стулья и столыБрест
https://www.kufar.by/item/190715262?rank=101&searchId=5ca2c746c61add6f5c0c6fb476fb4d05f566,225,Стеллажи на выбор НЕДОРОГОБрест
https://www.kufar.by/item/198899204?rank=102&searchId=5ca2c746c61add6f5c0c6fb476fb4d05f566,15,Прикроватная тумбочка.Брест
https://www.kufar.by/item/191066696?rank=103&searchId=5ca2c746c61add6f5c0c6fb476fb4d05f566,350,Столы и обеденные группы Брест
https://www.kufar.by/item/198898804?rank=104&searchId=5ca2c746c61add6f5c0c6fb476fb4d05f566,20,Журнальный столик.Брест
https://www.kufar.by/item/198898266?rank=107&searchId=5ca2c746c61add6f5c0c6fb476fb4d05f566,120,КроваткаБрест
https://www.kufar.by/item/196815120?rank=110&searchId=5ca2c746c61add6f5c0c6fb476fb4d05f566,200,ДиванБрест
https://www.kufar.by/item/196755482?rank=111&searchId=5ca2c746c61add6f5c0c6fb476fb4d05f566,180,Вешалка напольнаяБрестДоставка по Беларуси
https://www.kufar.by/item/95712658?rank=112&searchId=5ca2c746c61add6f5c0c6fb476fb4d05f566,321,Комод Браун 1 - Белый бриллиант в наличииБрестДоставка по Беларуси
https://www.kufar.by/item/126350073?rank=113&searchId=5ca2c746c61add6f5c0c6fb476fb4d05f566,1327,Горка стенка - гостиная Манхэттен Вотан/ черный глянец В наличииБрестДоставка по Беларуси
https://www.kufar.by/item/116780953?rank=114&searchId=5ca2c746c61add6f5c0c6fb476fb4d05f566,637,Диван детский Умка (12) в наличииБрестДоставка по Беларуси
https://www.kufar.by/item/198895680?rank=115&searchId=5ca2c746c61add6f5c0c6fb476fb4d05f566,600,Стенка в гостиннуюБрест
https://www.kufar.by/item/198894512?rank=116&searchId=5ca2c746c61add6f5c0c6fb476fb4d05f566,20,СтульяБрест
https://www.kufar.by/item/198894306?rank=117&searchId=5ca2c746c61add6f5c0c6fb476fb4d05f566,650,СпальняБрест
https://www.kufar.by/item/198893886?rank=118&searchId=5ca2c746c61add6f5c0c6fb476fb4d05f566,50,ШкафБрест
https://www.kufar.by/item/198893650?rank=119&searchId=5ca2c746c61add6f5c0c6fb476fb4d05f566,170,ПрихожаяБрест
https://www.kufar.by/item/198101885?rank=121&searchId=5ca2c746c61add6f5c0c6fb476fb4d05f566,180,"Диван, отложен до 21.06Брест"
https://www.kufar.by/item/194842726?rank=122&searchId=5ca2c746c61add6f5c0c6fb476fb4d05f566,500,Мягкий уголок Брест
https://www.kufar.by/item/198892520?rank=123&searchId=5ca2c746c61add6f5c0c6fb476fb4d05f566,50,Небольшой диванчик. Б.у.Брест
https://www.kufar.by/item/198891599?rank=124&searchId=5ca2c746c61add6f5c0c6fb476fb4d05f566,30,Журнальный столик Брест
https://www.kufar.by/item/69238127?rank=125&searchId=5ca2c746c61add6f5c0c6fb476fb4d05f566,420,Уголок для кухниБрестДоставка по Беларуси
https://www.kufar.by/item/97767180?rank=126&searchId=5ca2c746c61add6f5c0c6fb476fb4d05f566,250,Скамья угловаяБрестДоставка по Беларуси
https://www.kufar.by/item/198890518?rank=128&searchId=5ca2c746c61add6f5c0c6fb476fb4d05f566,150,Стол письменный( цвет бело-чёрный)Брест
https://www.kufar.by/item/195486242,600,«Елизавета»-кухонный уголок .ДоставкаВитебскДоставка по Беларуси
https://www.kufar.by/item/182677175,555,Диван новыйГродноДоставка по Беларуси
https://www.kufar.by/item/186003098,680,"КУХНИ ОТ ПРОИЗВОДИТЕЛЯ ПО ДОСТУПНЫМ ЦЕНАММинск, ЛенинскийДоставка по Беларуси"
https://www.kufar.by/item/178003472,320,Комплект: стол и 4 стула. Доставка по РБВитебскДоставка по Беларуси
https://www.kufar.by/item/176551655,890,"Угловые кухни из модулей. Размеры. Цвета.Минск, ОктябрьскийДоставка по Беларуси"
https://www.kufar.by/item/185214201,980,"КУХНИ С МЕСТОМ ДЛЯ СТИРАЛЬНОЙ МАШИНЫ.Минск, ПервомайскийДоставка по Беларуси"
https://www.kufar.by/item/193267040?rank=129&searchId=d7227f7de32b68878ae191cc901047543dae,320,Круглая кроватка-трансформер 8 в 1Брест
https://www.kufar.by/item/196755250?rank=130&searchId=d7227f7de32b68878ae191cc901047543dae,1670,Комод пеленальный XXLБрестДоставка по Беларуси
https://www.kufar.by/item/196856851?rank=131&searchId=d7227f7de32b68878ae191cc901047543dae,630,Кроватка для двойни ЮЛИЯБрестДоставка по БеларусиРассрочка
https://www.kufar.by/item/198889258?rank=132&searchId=d7227f7de32b68878ae191cc901047543dae,190,Кокон Зевушка Брест
https://www.kufar.by/item/195745409?rank=133&searchId=d7227f7de32b68878ae191cc901047543dae,50,Ножки для растущего столаБрест
https://www.kufar.by/item/198888871?rank=134&searchId=d7227f7de32b68878ae191cc901047543dae,99,Комод Брест
https://www.kufar.by/item/64749977?rank=135&searchId=d7227f7de32b68878ae191cc901047543dae,579,Спальный гарнитур Венеция 3.1 Бесплатная Доставка по РБ. БрестДоставка по Беларуси
https://www.kufar.by/item/178965035?rank=136&searchId=d7227f7de32b68878ae191cc901047543dae,589,Спальный гарнитур Луиза 6 Бесплатная доставка по РББрестДоставка по Беларуси
https://www.kufar.by/item/198888026?rank=137&searchId=d7227f7de32b68878ae191cc901047543dae,15,Стенка из 4 секцийБрест
https://www.kufar.by/item/198887672?rank=138&searchId=d7227f7de32b68878ae191cc901047543dae,50,Стул для кормленияБрест
https://www.kufar.by/item/8824286?rank=139&searchId=d7227f7de32b68878ae191cc901047543dae,25,Стол стулья табурет ДОСТАВКА по РББрестДоставка
https://www.kufar.by/item/197029479?rank=140&searchId=d7227f7de32b68878ae191cc901047543dae,700,Комплект мебели в стиле лофтБрест
https://www.kufar.by/item/196622227?rank=142&searchId=d7227f7de32b68878ae191cc901047543dae,250,Мебель для детской Брест
https://www.kufar.by/item/198886659?rank=143&searchId=d7227f7de32b68878ae191cc901047543dae,30,ГоркаБрест
https://www.kufar.by/item/195152501?rank=144&searchId=d7227f7de32b68878ae191cc901047543dae,1100,Детская кровать-чердак Брест
https://www.kufar.by/item/198886344?rank=145&searchId=d7227f7de32b68878ae191cc901047543dae,220,Пенал для ванной комнатыБрест
https://www.kufar.by/item/198886186?rank=146&searchId=d7227f7de32b68878ae191cc901047543dae,155,Кресло фабрика ''Прогресс''Брест
https://www.kufar.by/item/198055892?rank=147&searchId=d7227f7de32b68878ae191cc901047543dae,115,Детская кроватка (комплект)Брест
https://www.kufar.by/item/196758224?rank=148&searchId=d7227f7de32b68878ae191cc901047543dae,830,Кроватка для близнецов СИЛЬВИЯБрестДоставка по Беларуси
https://www.kufar.by/item/196757048?rank=149&searchId=d7227f7de32b68878ae191cc901047543dae,580,Кроватка детская АМЕЛИЯБрестДоставка по Беларуси
https://www.kufar.by/item/195212477?rank=150&searchId=d7227f7de32b68878ae191cc901047543dae,1130,Кухня новая готовая бюджетнаяБрестДоставка
https://www.kufar.by/item/141034386?rank=151&searchId=d7227f7de32b68878ae191cc901047543dae,2410,Кухня новая готовая пластикБрестДоставка
https://www.kufar.by/item/198873791?rank=152&searchId=d7227f7de32b68878ae191cc901047543dae,50,МатрасБрест
https://www.kufar.by/item/198873554?rank=153&searchId=d7227f7de32b68878ae191cc901047543dae,370,Детская кроваткаБрест
https://www.kufar.by/item/198869474?rank=154&searchId=d7227f7de32b68878ae191cc901047543dae,120,Пуфик Брест
https://www.kufar.by/item/88908772?rank=155&searchId=d7227f7de32b68878ae191cc901047543dae,419,Кроватки Антел Алита 4/6 / Кедр Helen 3 + ДОСТАВКАБрестДоставка по БеларусиРассрочка
https://www.kufar.by/item/107684782?rank=156&searchId=d7227f7de32b68878ae191cc901047543dae,359,НОВЫЕ Детские комоды Антел Ульяна 6 + ДОСТАВКАБрестДоставка по БеларусиРассрочка
https://www.kufar.by/item/198869207?rank=157&searchId=d7227f7de32b68878ae191cc901047543dae,150,Стол письменный тумбой и стеллажомБрест
https://www.kufar.by/item/190597211?rank=159&searchId=d7227f7de32b68878ae191cc901047543dae,100,Шкафчик для кухниБрест
https://www.kufar.by/item/198862491?rank=160&searchId=d7227f7de32b68878ae191cc901047543dae,100,Стол компьютерныйБрест
https://www.kufar.by/item/198861251?rank=161&searchId=d7227f7de32b68878ae191cc901047543dae,120,Тахта Брест
https://www.kufar.by/item/198859207?rank=162&searchId=d7227f7de32b68878ae191cc901047543dae,200,СтенкаБрест
https://www.kufar.by/item/198851437?rank=163&searchId=d7227f7de32b68878ae191cc901047543dae,110,Стол компьютерный много секций Брест
https://www.kufar.by/item/198856244?rank=164&searchId=d7227f7de32b68878ae191cc901047543dae,350,КроватьБрест
https://www.kufar.by/item/198855936?rank=165&searchId=d7227f7de32b68878ae191cc901047543dae,110,Кровать 2-х ярусная детскаяБрест
https://www.kufar.by/item/164157399?rank=166&searchId=d7227f7de32b68878ae191cc901047543dae,120,"1,Стол круглый ВЫБОР Размера ЦВЕТА стул табуретБрестДоставка по Беларуси"
https://www.kufar.by/item/198853341?rank=167&searchId=d7227f7de32b68878ae191cc901047543dae,50,Шкаф для верхней одежды. Брест
https://www.kufar.by/item/198852832?rank=168&searchId=d7227f7de32b68878ae191cc901047543dae,20,Кроватка детская. Брест
https://www.kufar.by/item/195233518?rank=169&searchId=d7227f7de32b68878ae191cc901047543dae,140,ШкафБрест
https://www.kufar.by/item/187612755?rank=170&searchId=d7227f7de32b68878ae191cc901047543dae,47,Стол письменныйБрест
https://www.kufar.by/item/198851677?rank=171&searchId=d7227f7de32b68878ae191cc901047543dae,100,Комод со стенкойБрест
https://www.kufar.by/item/195486242,600,«Елизавета»-кухонный уголок .ДоставкаВитебскДоставка по Беларуси
https://www.kufar.by/item/182677175,555,Диван новыйГродноДоставка по Беларуси
https://www.kufar.by/item/186003098,680,"КУХНИ ОТ ПРОИЗВОДИТЕЛЯ ПО ДОСТУПНЫМ ЦЕНАММинск, ЛенинскийДоставка по Беларуси"
https://www.kufar.by/item/178003472,320,Комплект: стол и 4 стула. Доставка по РБВитебскДоставка по Беларуси
https://www.kufar.by/item/176551655,890,"Угловые кухни из модулей. Размеры. Цвета.Минск, ОктябрьскийДоставка по Беларуси"
https://www.kufar.by/item/185214201,980,"КУХНИ С МЕСТОМ ДЛЯ СТИРАЛЬНОЙ МАШИНЫ.Минск, ПервомайскийДоставка по Беларуси"
https://www.kufar.by/item/198850903?rank=172&searchId=2f8e1fa88dab9d587d93f3afd8539dc3570b,100,Шкаф деревянныйБрест
https://www.kufar.by/item/198850748?rank=173&searchId=2f8e1fa88dab9d587d93f3afd8539dc3570b,150,Кресло компьютерное / офисноеБрест
https://www.kufar.by/item/198850582?rank=174&searchId=2f8e1fa88dab9d587d93f3afd8539dc3570b,65,Крышка стола круглаяБрест
https://www.kufar.by/item/198850405?rank=175&searchId=2f8e1fa88dab9d587d93f3afd8539dc3570b,25,ПолкаБрест
https://www.kufar.by/item/198847970?rank=176&searchId=2f8e1fa88dab9d587d93f3afd8539dc3570b,45,Полка для ванной Брест
https://www.kufar.by/item/198846338?rank=177&searchId=2f8e1fa88dab9d587d93f3afd8539dc3570b,45,стульяБрест
https://www.kufar.by/item/198846120?rank=178&searchId=2f8e1fa88dab9d587d93f3afd8539dc3570b,300,Мягкий уголок Брест
https://www.kufar.by/item/198845863?rank=179&searchId=2f8e1fa88dab9d587d93f3afd8539dc3570b,200,Барные стулья и стойкаБрест
https://www.kufar.by/item/197032946?rank=180&searchId=2f8e1fa88dab9d587d93f3afd8539dc3570b,3500,Шкаф витрина Брест
https://www.kufar.by/item/198845095?rank=181&searchId=2f8e1fa88dab9d587d93f3afd8539dc3570b,120,Диван и два кресла Брест
https://www.kufar.by/item/198844851?rank=182&searchId=2f8e1fa88dab9d587d93f3afd8539dc3570b,60,Офисный стулБрест
https://www.kufar.by/item/198844682?rank=183&searchId=2f8e1fa88dab9d587d93f3afd8539dc3570b,65,стеллаж IKEAБрест
https://www.kufar.by/item/198510120?rank=184&searchId=2f8e1fa88dab9d587d93f3afd8539dc3570b,300,Комода 2 шт и тумба под телевизорБрест
https://www.kufar.by/item/198844119?rank=185&searchId=2f8e1fa88dab9d587d93f3afd8539dc3570b,100,Стеллаж-шкафБрест
https://www.kufar.by/item/196014105?rank=186&searchId=2f8e1fa88dab9d587d93f3afd8539dc3570b,125,"Стул ретро, винтаж из 60-хБрест"
https://www.kufar.by/item/198843138?rank=187&searchId=2f8e1fa88dab9d587d93f3afd8539dc3570b,50,Детская кроваткаБрест
https://www.kufar.by/item/184000264?rank=188&searchId=2f8e1fa88dab9d587d93f3afd8539dc3570b,250,СтенкаБрест
https://www.kufar.by/item/198841702?rank=189&searchId=2f8e1fa88dab9d587d93f3afd8539dc3570b,15,КреслоБрест
https://www.kufar.by/item/197398473?rank=190&searchId=2f8e1fa88dab9d587d93f3afd8539dc3570b,670,Диван-кровать угловой 3.2 м.Брест
https://www.kufar.by/item/197369456?rank=192&searchId=2f8e1fa88dab9d587d93f3afd8539dc3570b,95,Столешница (Дуб Веллингтон)Брест
https://www.kufar.by/item/198840815?rank=193&searchId=2f8e1fa88dab9d587d93f3afd8539dc3570b,3300,Угловой диванБрест
https://www.kufar.by/item/198840292?rank=194&searchId=2f8e1fa88dab9d587d93f3afd8539dc3570b,150,Стол кухонный Икеа ИнгуБрест
https://www.kufar.by/item/198840140?rank=195&searchId=2f8e1fa88dab9d587d93f3afd8539dc3570b,100,ДиванБрест
https://www.kufar.by/item/198839985?rank=196&searchId=2f8e1fa88dab9d587d93f3afd8539dc3570b,50,Стол кухонныйБрест
https://www.kufar.by/item/198839526?rank=197&searchId=2f8e1fa88dab9d587d93f3afd8539dc3570b,20,ПолкиБрест
https://www.kufar.by/item/198839514?rank=198&searchId=2f8e1fa88dab9d587d93f3afd8539dc3570b,50,ТахтаБрест
https://www.kufar.by/item/198839387?rank=199&searchId=2f8e1fa88dab9d587d93f3afd8539dc3570b,300,Часть диванаБрест
https://www.kufar.by/item/198839184?rank=200&searchId=2f8e1fa88dab9d587d93f3afd8539dc3570b,450,Набор мебелиБрест
https://www.kufar.by/item/198838979?rank=201&searchId=2f8e1fa88dab9d587d93f3afd8539dc3570b,60,Стол Брест
https://www.kufar.by/item/198837951?rank=203&searchId=2f8e1fa88dab9d587d93f3afd8539dc3570b,250,СтенкаБрест
https://www.kufar.by/item/198837905?rank=204&searchId=2f8e1fa88dab9d587d93f3afd8539dc3570b,15,Табуретки Брест
https://www.kufar.by/item/198837742?rank=206&searchId=2f8e1fa88dab9d587d93f3afd8539dc3570b,250,Раскладушка Брест
https://www.kufar.by/item/198837564?rank=207&searchId=2f8e1fa88dab9d587d93f3afd8539dc3570b,250,ШкафБрест
https://www.kufar.by/item/170429321?rank=208&searchId=2f8e1fa88dab9d587d93f3afd8539dc3570b,250,"Комплект: стол, 2 табурета, 2 стула. Доставка поРББрестДоставка по Беларуси"
https://www.kufar.by/item/198836583?rank=210&searchId=2f8e1fa88dab9d587d93f3afd8539dc3570b,700,Кухонный шкафБрест
https://www.kufar.by/item/198836433?rank=211&searchId=2f8e1fa88dab9d587d93f3afd8539dc3570b,35,СтулБрест
https://www.kufar.by/item/198835181?rank=212&searchId=2f8e1fa88dab9d587d93f3afd8539dc3570b,40,Кровать для куколБрест
https://www.kufar.by/item/198835102?rank=213&searchId=2f8e1fa88dab9d587d93f3afd8539dc3570b,35,Вешалка напольнаяБрест
https://www.kufar.by/item/193577194?rank=214&searchId=2f8e1fa88dab9d587d93f3afd8539dc3570b,50,продам б/у стенку Брест
https://www.kufar.by/item/195486242,600,«Елизавета»-кухонный уголок .ДоставкаВитебскДоставка по Беларуси
https://www.kufar.by/item/182677175,555,Диван новыйГродноДоставка по Беларуси
https://www.kufar.by/item/186003098,680,"КУХНИ ОТ ПРОИЗВОДИТЕЛЯ ПО ДОСТУПНЫМ ЦЕНАММинск, ЛенинскийДоставка по Беларуси"
https://www.kufar.by/item/178003472,320,Комплект: стол и 4 стула. Доставка по РБВитебскДоставка по Беларуси
https://www.kufar.by/item/176551655,890,"Угловые кухни из модулей. Размеры. Цвета.Минск, ОктябрьскийДоставка по Беларуси"
https://www.kufar.by/item/185214201,980,"КУХНИ С МЕСТОМ ДЛЯ СТИРАЛЬНОЙ МАШИНЫ.Минск, ПервомайскийДоставка по Беларуси"
